Ator|MédiaIMDB
Aamir Bashir|8,000000
Aamir Khan|8,000000
Aaron Eckhart|9,000000
Aaron Taylor-Johnson|7,000000
Abdel Ahmed Ghili|8,000000
Abhay Deol|8,000000
Abigail Breslin|7,000000
Abraham Attah|7,000000
Adam Baldwin|8,000000
Adam Driver|7,000000
Adel Bencherif|7,000000
Adèle Exarchopoulos|7,000000
Adèle Haenel|8,000000
Adesh Prasad|8,000000
Adil Hussain|7,000000
Adolphe Menjou|8,000000
Adrian Molina|8,000000
Adrien Brody|7,666666
Agnes Moorehead|8,000000
Ahmet Mümtaz Taylan|7,000000
Ahna Capri|7,000000
Ahney Her|8,000000
Aidan Gillen|7,000000
Aitana Sánchez-Gijón|7,000000
Ajay Devgn|8,000000
Ajay Naidu|7,000000
Akemi Yamaguchi|8,000000
Aki Maeda|7,000000
Akihiro Miwa|8,000000
Akio Ôtsuka|8,000000
Akira Ishihama|8,000000
Akira Terao|8,000000
Akshay Kumar|8,000000
Akshaye Khanna|8,000000
Al Ernest Garcia|8,000000
Al Pacino|7,615384
Alain Delon|8,000000
Alakina Mann|7,000000
Alan Alda|7,000000
Alan Arkin|7,000000
Alan Badel|7,000000
Alan Mak|8,000000
Alan Randolph Scott|7,000000
Alan Rickman|8,000000
Alan Ruck|7,000000
Alan Tudyk|7,000000
Albert Brooks|7,666666
Albert Finney|7,500000
Albert Rémy|8,000000
Alberto Ammann|7,000000
Aldo Giuffrè|8,000000
Aldo Silvani|8,000000
Alec Baldwin|7,000000
Alec Cawthorne|8,000000
Alec Guinness|7,800000
Alec Secareanu|7,000000
Alejandro Jodorowsky|7,000000
Aleksandr Antonov|8,000000
Aleksandr Kaydanovskiy|8,000000
Aleksey Kravchenko|8,000000
Aleksey Rozin|7,000000
Aleksey Serebryakov|7,000000
Alex Palmer|7,000000
Alex Sharp|7,000000
Alexander Gould|8,000000
Alexander Granach|7,000000
Alexandra Maria Lara|7,666666
Alexandre Rignault|7,000000
Alexandre Rodrigues|8,000000
Alexandre Tharaud|7,000000
Alexandru Potocean|7,000000
Alfred Abel|8,000000
Ali Mosaffa|7,000000
Alia Bhatt|7,000000
Alicia Vikander|7,000000
Alida Valli|7,500000
Alisa Freyndlikh|8,000000
Alison Crosbie|8,000000
Alison Doody|8,000000
Alison Whelan|7,000000
Allen Garfield|7,000000
Allen Leech|8,000000
Allison Williams|7,000000
Ally Sheedy|7,000000
Altan Erkekli|8,000000
Álvaro Guerrero|8,000000
America Ferrera|7,000000
Amir Farrokh Hashemian|8,000000
Amira Casar|7,000000
Amit Sadh|7,000000
Amitabh Bachchan|8,000000
Amjad Khan|8,000000
Amole Gupte|8,000000
Amrish Puri|8,000000
Amrita Puri|7,000000
Amy Adams|7,333333
Amy Poehler|7,500000
Amy Ryan|7,000000
Amy Smart|7,000000
Ana de Armas|7,500000
Ana López Mercado|7,000000
Ana Wagener|8,000000
Anamaria Marinca|7,000000
Anand Gandhi|8,000000
Ananda George|7,000000
Anatoliy Solonitsyn|8,000000
Andie MacDowell|7,500000
André Berley|8,000000
André Ramiro|8,000000
André S. Labarthe|8,000000
Andrea Eckert|8,000000
Andrea Riseborough|7,000000
Andrea Tariang|8,000000
Andreas Wilson|7,000000
Andrew Adote|7,000000
Andrew Garfield|7,500000
Andrew Kevin Walker|8,000000
Andrew Marton|7,000000
Andrew Philpot|7,000000
Andrew Robinson|7,000000
Andrew Shim|7,000000
Andy Devine|7,000000
Andy Garcia|7,000000
Andy Lau|8,000000
Andy Serkis|7,000000
Angela Bassett|7,000000
Angela Lansbury|7,000000
Angelina Jolie|7,000000
Angie Dickinson|8,000000
Angus Macfadyen|8,000000
Anil Dhawan|8,000000
Anita Ekberg|8,000000
Anjelica Huston|7,000000
Ann Dvorak|7,000000
Ann Owens|7,000000
Ann Reinking|7,000000
Anna Faris|7,000000
Anna Foglietta|7,000000
Anna Karina|8,000000
Anna Kendrick|7,000000
Anna Massey|7,000000
Annalise Basso|7,000000
Anne Bancroft|8,000000
Anne Baxter|7,500000
Anne Dorval|8,000000
Anne Hathaway|7,666666
Anne Le Ny|8,000000
Anne-Marie Duff|7,000000
Annette Bening|8,000000
Annie Corley|7,000000
Annie Potts|7,000000
Annika Wedderkopp|8,000000
Annu Kapoor|7,000000
Anouk Aimée|8,000000
Ansel Elgort|7,000000
Ansiba|8,000000
Anthony Chau-Sang Wong|8,000000
Anthony Edwards|7,000000
Anthony Gonzalez|8,000000
Anthony Hopkins|7,400000
Anthony Michael Hall|7,000000
Anthony Perkins|8,000000
Anthony Quinn|8,000000
Antoine Olivier Pilon|8,000000
Anton Walbrook|8,000000
Antonella Attili|8,000000
Antonia San Juan|7,000000
Antonio Banderas|7,000000
Antonio Resines|7,000000
Anupam Kher|7,666666
Anushka Sharma|8,000000
Anushka Shetty|8,000000
Aoi Miyazaki|8,000000
Aoi Yûki|8,000000
Aparna Balamurali|8,000000
Aras Bulut Iynemli|8,000000
Archana Jois|8,000000
Ariadna Gil|8,000000
Ariane Labed|7,000000
Arifin Putra|8,000000
Armando Brancia|7,000000
Armie Hammer|7,000000
Armin Mueller-Stahl|7,000000
Arno Frisch|7,000000
Arnold Lucy|8,000000
Arnold Schwarzenegger|7,666666
Arshad Warsi|8,000000
Art LaFleur|7,000000
Art Malik|8,000000
Art Parkinson|7,000000
Arthur O'Connell|8,000000
Arthur Rosson|7,000000
Artyom Bogucharskiy|7,000000
Asa Butterfield|7,000000
Asaka Seto|7,000000
Ash Brannon|7,000000
Asha Sharath|8,000000
Ashton Kutcher|7,000000
Atsuko Tanaka|8,000000
Audrey Hepburn|7,166666
Audrey Tautou|7,500000
Auli'i Cravalho|7,000000
Aura Garrido|7,000000
Aurélien Recoing|7,000000
Aurore Clément|8,000000
Aya Okamoto|7,000000
Ayami Kakiuchi|7,000000
Ayano Shiraishi|8,000000
Ayberk Pekcan|8,000000
Ayesha Kapoor|8,000000
Ayushmann Khurrana|7,666666
Azhy Robertson|7,000000
Babak Karimi|7,000000
Bae Doona|7,000000
Bahar Pars|7,000000
Bahare Seddiqi|8,000000
Bajram Severdzan|8,000000
Baki Davrak|7,000000
Barbara Bel Geddes|8,000000
Barbara Hershey|7,000000
Bárbara Lennie|8,000000
Barbara Stanwyck|8,000000
Baris Bagci|8,000000
Barkhad Abdi|7,000000
Barkhad Abdirahman|7,000000
Barry Bostwick|7,000000
Barry Cook|7,000000
Barry Fitzgerald|7,000000
Barry Humphries|8,000000
Barry Keoghan|7,000000
Barry Pepper|7,000000
Basil Rathbone|7,000000
BD Wong|7,000000
Beau Billingslea|7,000000
Bee Vang|8,000000
Belén Rueda|7,500000
Ben Affleck|7,666666
Ben Burtt|8,000000
Ben Foster|7,000000
Ben Gazzara|8,000000
Ben Hardy|8,000000
Ben Johnson|8,000000
Ben Kingsley|7,750000
Ben Stiller|7,000000
Ben Whishaw|7,000000
Benedict Cumberbatch|7,500000
Bengt Ekerot|8,000000
Benicio Del Toro|7,250000
Benjamin Bratt|8,000000
Benno Fürmann|7,000000
Benoît Régent|7,000000
Bérénice Bejo|7,000000
Bernard-Pierre Donnadieu|7,000000
Bernhard Wicki|7,000000
Bertil Guve|8,000000
Bette Davis|8,000000
Beverly D'Angelo|8,000000
Bibi Andersson|8,000000
Biff McGuire|7,000000
Bill Bernstein|7,000000
Bill Hader|8,000000
Bill McKinney|7,000000
Bill Murray|7,166666
Bill Nighy|7,000000
Bill Nunn|8,000000
Bill Paxton|7,000000
Bill Pullman|7,000000
Bill Sage|7,000000
Billy Bob Thornton|8,000000
Billy Connolly|7,000000
Billy Crudup|7,666666
Billy Crystal|7,500000
Billy Dee Williams|8,000000
Billy Zane|7,000000
Birgitta Pettersson|8,000000
Birgitta Valberg|8,000000
Birol Ünel|7,000000
Björk|8,000000
Bo Hopkins|7,000000
Bob Balaban|7,000000
Bob Geldof|8,000000
Bob Gunton|9,000000
Bob Hoskins|7,000000
Bob Odenkirk|7,000000
Bob Peterson|8,000000
Bobby Cannavale|7,000000
Bodil Rosing|8,000000
Boluwatife Treasure Bankole|8,000000
Boman Irani|8,000000
Bonnie Bedelia|8,000000
Bonnie Hunt|8,000000
Bora Todorovic|8,000000
Boris Karloff|7,000000
Börje Ahlstedt|8,000000
Boyd Holbrook|8,000000
Boyd Kirkland|7,000000
Brad Davis|7,000000
Brad Dourif|7,000000
Brad Garrett|8,000000
Brad Pitt|7,500000
Bradley Cooper|7,250000
Bradley Whitford|7,000000
Brady Corbet|7,000000
Brahim Hadjadj|8,000000
Branka Katic|8,000000
Branko Djuric|7,000000
Brenda Blethyn|7,333333
Brenda Fricker|7,000000
Brendan Gleeson|7,250000
Bria Vinaite|7,000000
Brian Cox|7,000000
Brian Dennehy|7,000000
Brian Howe|8,000000
Brian O'Halloran|7,000000
Brian Tyler|7,000000
Bridget Moynahan|7,000000
Brie Larson|7,666666
Brigitte Helm|8,000000
Brigitte Lin|8,000000
Brooke Adams|7,000000
Brooklynn Prince|7,000000
Bruce Bennett|8,000000
Bruce Cabot|7,000000
Bruce Campbell|7,000000
Bruce Davison|7,000000
Bruce Dern|7,000000
Bruce Lee|7,000000
Bruce Reitherman|7,000000
Bruce Spence|7,000000
Bruce Willis|7,571428
Bruno Ganz|8,000000
Bruno Kirby|7,000000
Bruno Zanin|7,000000
Bryan Cranston|7,000000
Bryce Dallas Howard|7,500000
Bud Cort|7,000000
Buddy Ebsen|7,000000
Bulle Ogier|7,000000
Bunshi Katsura Vi|7,000000
Burak Yigit|7,000000
Burl Ives|7,500000
Burt Lancaster|7,666666
Burt Reynolds|7,000000
Burt Young|8,000000
Buster Keaton|8,000000
Buzz Kilman|7,000000
Byron Barr|8,000000
Byron Howard|7,000000
Cab Calloway|7,000000
Caio Junqueira|8,000000
Caitriona Balfe|8,000000
Caleb Landry Jones|8,000000
Callan McAuliffe|7,000000
Cameron Diaz|7,000000
Candela Peña|7,000000
Carey Mulligan|7,000000
Carice van Houten|7,000000
Carl Benton Reid|8,000000
Carl Miller|8,000000
Carl Möhner|8,000000
Carl Weathers|7,500000
Carla Gugino|7,000000
Carla Quevedo|8,000000
Carlo Buccirosso|7,000000
Carlo Verdone|7,000000
Carlos Martínez López|8,000000
Carlos Peralta|7,000000
Carol Kane|8,000000
Carole Lombard|8,000000
Caroline Goodall|8,000000
Carrie Fisher|7,750000
Carrie Henn|8,000000
Carrie-Anne Moss|8,000000
Carroll Baker|7,000000
Carroll O'Connor|7,000000
Cary Elwes|7,333333
Cary Grant|7,285714
Cary-Hiroyuki Tagawa|8,000000
Casey Affleck|7,000000
Cate Blanchett|7,000000
Catherine Deneuve|7,500000
Catherine Keener|7,200000
Catherine O'Hara|8,000000
Cathy Moriarty|8,000000
Cathy Rosier|8,000000
Catinca Untaru|7,000000
Cecil Parker|7,000000
Cecilia Roth|7,000000
Celeste Holm|8,000000
Celia Johnson|8,000000
Celile Toyon Uysal|8,000000
Cem Yilmaz|8,000000
Çetin Tekindor|8,000000
Charles Bronson|7,500000
Charles Chaplin|8,000000
Charles Durning|8,000000
Charles Fleischer|7,000000
Charles Laughton|7,500000
Charles Martin Smith|7,000000
Charles Ruggles|7,000000
Charles Vanel|8,000000
Charley Grapewin|8,000000
Charlie Cox|7,000000
Charlie Hunnam|7,000000
Charlie Pye Jr.|7,000000
Charlie Sheen|8,000000
Charlie Yeung|7,000000
Charlize Theron|7,500000
Charlotte Rampling|7,000000
Charlton Heston|7,750000
Chase Ellison|7,000000
Chazz Palminteri|7,500000
Chen Chang|7,000000
Chete Lera|7,000000
Chiara Mastroianni|8,000000
Chico Marx|7,000000
Chief Dan George|7,000000
Chieko Baishô|8,000000
Chieko Higashiyama|8,000000
Chika Sakamoto|8,000000
Chishû Ryû|8,000000
Chiwetel Ejiofor|7,250000
Chloë Grace Moretz|7,333333
Cho Jin-woong|8,000000
Cho Yeo-jeong|8,000000
Choi Min-sik|7,500000
Choi Woo-sik|8,000000
Chris Cooper|7,000000
Chris Elliott|8,000000
Chris Evans|7,333333
Chris Hemsworth|7,666666
Chris O'Donnell|8,000000
Chris Owen|7,000000
Chris Penn|8,000000
Chris Pine|7,000000
Chris Pratt|7,333333
Chris Renaud|7,000000
Chris Sanders|8,000000
Chris Sarandon|8,000000
Chris Williams|7,000000
Christian Bale|7,545454
Christian Berkel|7,000000
Christian Friedel|7,000000
Christian Slater|7,000000
Christina Hendricks|7,000000
Christine Hargreaves|8,000000
Christoph Waltz|8,000000
Christopher Adamson|7,000000
Christopher Carley|8,000000
Christopher Eccleston|7,000000
Christopher Guest|7,000000
Christopher Heyerdahl|8,000000
Christopher Lloyd|7,333333
Christopher Mintz-Plasse|8,000000
Christopher Plummer|7,333333
Christopher Reeve|7,000000
Christopher Rivera|7,000000
Christopher Walken|7,666666
Chulpan Khamatova|7,000000
Ciarán Hinds|7,500000
Cillian Murphy|7,000000
Claire Bloom|7,000000
Claire Danes|7,000000
Claire Maurier|8,000000
Claire Rushbrook|8,000000
Claire Trevor|7,000000
Clark Gable|8,000000
Claude Rains|7,500000
Claudette Colbert|8,000000
Claudia Cardinale|8,000000
Cleavon Little|7,000000
Clifton Powell|7,000000
Clifton Webb|8,000000
Clint Eastwood|7,500000
Clive Owen|7,250000
Coleen Gray|8,000000
Colin Clive|7,000000
Colin Farrell|7,000000
Colin Firth|7,666666
Colm Feore|7,000000
Connie Nielsen|8,000000
Conrad Veidt|8,000000
Corey Feldman|7,500000
Corey Hawkins|7,000000
Cori Gonzalez-Macuer|7,000000
Craig Bierko|8,000000
Craig Ferguson|7,000000
Craig Parkinson|7,000000
Craig T. Nelson|7,500000
Crispin Glover|7,500000
Cuba Gooding Jr.|7,000000
Cuifen Cao|8,000000
Curt Bois|8,000000
Cybill Shepherd|8,000000
Cyril Cusack|7,000000
Dafne Keen|8,000000
Daisuke Ryû|8,000000
Daisy Ridley|7,000000
Dakota Fanning|7,000000
Dakota Johnson|7,000000
Dalia Hernández|7,000000
Damian Chapa|8,000000
Dan Aykroyd|7,000000
Dan Hedaya|7,000000
Dan Hicks|7,000000
Dan Riba|7,000000
Dana Andrews|8,000000
Dana Wynter|7,000000
Danai Gurira|7,000000
Daniel Boulanger|7,000000
Daniel Brühl|7,500000
Daniel Craig|7,250000
Daniel Day-Lewis|7,500000
Daniel Giménez Cacho|7,000000
Daniel Kaluuya|7,000000
Daniel Mays|8,000000
Daniel Prévost|7,000000
Daniel Radcliffe|7,166666
Daniel Richter|8,000000
Daniel Stern|7,000000
Danielle Proulx|7,000000
Danny Aiello|7,666666
Danny Denzongpa|8,000000
Danny Elfman|8,000000
Danny Glover|7,000000
Danny Huston|7,000000
Danny Lee|7,000000
Danny Lloyd|8,000000
Dara Singh|7,000000
Darío Grandinetti|7,500000
Darren McGavin|7,000000
Darryl F. Zanuck|7,000000
Darsheel Safary|8,000000
Daryl Hannah|8,000000
Dave Bautista|7,500000
Dave Goelz|7,000000
Dave Johns|7,000000
Daveigh Chase|8,000000
David Carradine|8,000000
David Della Rocco|7,000000
David Emge|7,000000
David Hand|7,000000
David Hemmings|7,000000
David Herman|7,000000
David James|7,000000
David Lee Smith|7,000000
David Morse|8,000000
David Rawle|8,000000
David Silverman|8,000000
David Thewlis|7,000000
David Tomlinson|7,000000
David Wenham|7,000000
David Zucker|7,000000
Davor Dujmovic|8,000000
Dean Martin|8,000000
Dean Stockwell|8,000000
Dean-Charles Chapman|8,000000
Debbie Reynolds|8,000000
Deborah Kara Unger|7,000000
Deborah Kerr|7,000000
Debra Messing|7,000000
Dee Wallace|7,000000
DeForest Kelley|7,000000
Del Negro|7,000000
Delphine Seyrig|7,000000
Delroy Lindo|7,000000
Demet Akbag|8,000000
Demi Moore|7,000000
Denholm Elliott|8,000000
Deniz Baysal|8,000000
Dennis Farina|8,000000
Dennis Hopper|7,000000
Dennis Price|8,000000
Dennis Quaid|7,000000
Denzel Washington|7,000000
Derek Jacobi|7,500000
Dev Patel|8,000000
Dexter Fletcher|8,000000
Dharmendra|8,000000
Diahnne Abbott|7,000000
Diane Keaton|7,833333
Diane Kruger|7,333333
Diane Ladd|7,000000
Diane Venora|7,000000
Dianne Wiest|7,000000
Dibyendu Bhattacharya|8,000000
Dick Hogan|8,000000
Dick Van Dyke|7,000000
Dick York|8,000000
Diego Cortina Autrey|7,000000
Diego Luna|7,000000
Diego Starosta|8,000000
Diljit Dosanjh|7,000000
Disha Patani|7,000000
Dita Parlo|8,000000
Djimon Hounsou|7,500000
Doga Zeynep Doguslu|7,000000
Dolly Ahluwalia|7,000000
Dolores Moran|7,000000
Domhnall Gleeson|7,250000
Dominic West|7,000000
Dominique Blanchar|7,000000
Dominique McElligott|7,000000
Dominique Pinon|7,000000
Don Cheadle|7,500000
Don Gordon|8,000000
Don Hall|7,000000
Don Rickles|7,500000
Don Taylor|8,000000
Donald O'Connor|8,000000
Donald Pleasence|7,000000
Donald Sutherland|7,000000
Donatas Banionis|8,000000
Donna Murphy|7,000000
Donna Reed|7,500000
Donnie Yen|7,500000
Donny Alamsyah|7,000000
Dorian Gray|8,000000
Dorothy Comingore|8,000000
Dorothy Duffy|7,000000
Dorsey Wright|7,000000
Doug McKeon|7,000000
Douglas Booth|7,000000
Drew Barrymore|7,000000
Duane Jones|7,000000
Dustin Hoffman|7,500000
Dwight Yoakam|8,000000
Dylan Baker|7,000000
Ed Harris|7,333333
Ed Helms|7,000000
Ed Skrein|8,000000
Eddie Albert|8,000000
Eddie Murphy|7,000000
Eddie Redmayne|7,000000
Edgar Ramírez|8,000000
Edmond O'Brien|7,500000
Edmund Goulding|7,000000
Edmund Gwenn|7,000000
Edna Purviance|8,000000
Edoardo Leo|7,000000
Eduard Abalov|8,000000
Eduardo Noriega|7,000000
Edward Arnold|8,000000
Edward Asner|8,000000
Edward Burns|8,000000
Edward Fox|7,000000
Edward Furlong|8,000000
Edward G. Robinson|7,333333
Edward James Olmos|8,000000
Edward Norton|7,285714
Efrem Zimbalist Jr.|7,000000
Ege Tanman|8,000000
Eiji Okada|7,000000
Eijirô Tôno|8,000000
Eiko Masuyama|7,000000
Eileen Walsh|7,000000
Eiza González|7,000000
Eleanor Bron|7,000000
Eleanor David|8,000000
Eleanor Parker|8,000000
Elena Altieri|8,000000
Elena Anaya|7,000000
Elena Lyadova|7,000000
Eli Marienthal|8,000000
Eli Roth|8,000000
Eli Wallach|7,500000
Elijah Smith|7,000000
Elijah Wood|8,000000
Elisabeth Shue|7,000000
Elissa Knight|8,000000
Elit Iscan|7,000000
Eliza Scanlen|7,000000
Elizabeth Banks|7,000000
Elizabeth Berridge|8,000000
Elizabeth Berrington|7,000000
Elizabeth McGovern|8,000000
Elizabeth Taylor|7,666666
Ellar Coltrane|7,000000
Ellen Burstyn|8,000000
Ellen Crawford|7,000000
Ellen DeGeneres|8,000000
Ellen Widmann|8,000000
Elliot Page|8,000000
Elliott Gould|7,000000
Elmo Nüganen|8,000000
Elpidia Carrillo|7,000000
Elsa Lanchester|7,500000
Elya Baskin|7,000000
Emeric Pressburger|8,000000
Emi Shinohara|7,000000
Emile Hirsch|7,500000
Émile Vallée|7,000000
Emilia Fox|8,000000
Emilio Echevarría|8,000000
Emilio Estevez|7,000000
Emily Blunt|7,000000
Emily Mortimer|7,500000
Emily Watson|7,000000
Emma Stone|7,666666
Emma Thompson|7,000000
Emma Watson|7,285714
Emmanuel Affadzi|7,000000
Emmanuelle Riva|7,000000
Emmanuelle Seigner|7,500000
Emmy Rossum|7,000000
Enrique Castillo|8,000000
Enrique Rambal|8,000000
Enzo Cannavale|8,000000
Enzo Staiola|8,000000
Enzo Tarascio|8,000000
Erdem Can|8,000000
Eric Bana|7,500000
Eric Baugin|7,000000
Eric Idle|8,000000
Eric Radomski|7,000000
Eric Schweig|7,000000
Eric Sykes|7,000000
Éric Toledano|8,000000
Erich von Stroheim|8,000000
Ernest B. Schoedsack|7,000000
Ernest Borgnine|7,000000
Ernst Jacobi|7,000000
Errol Flynn|7,000000
Erwin Connelly|8,000000
Ethan Coen|7,333333
Ethan Hawke|7,333333
Eugene Silvain|8,000000
Eun-ju Lee|8,000000
Eva Green|8,000000
Eva Marie Saint|8,000000
Evan McGuire|7,000000
Evan Rachel Wood|7,000000
Evgeniy Zharikov|8,000000
Ewa Fröling|7,000000
Ewan McGregor|7,666666
Ewen Bremner|8,000000
Ezra Miller|8,000000
F. Murray Abraham|8,000000
Famke Janssen|7,000000
Farhan Akhtar|8,000000
Farida Jalal|8,000000
Farley Granger|7,500000
Fatima Sana Shaikh|8,000000
Fay Wray|7,000000
Faye Dunaway|7,666666
Faye Wong|8,000000
Fele Martínez|7,000000
Felicity Jones|7,000000
Felix Bressart|8,000000
Fengyi Zhang|8,000000
Ferdia Walsh-Peelo|7,000000
Fernanda Montenegro|8,000000
Fernando Rey|7,000000
Fikret Kuskan|8,000000
Filip Berg|7,000000
Filip Sovagovic|7,000000
Filipp Yankovskiy|8,000000
Fionn Whitehead|7,000000
Fionnula Flanagan|7,500000
Florence Lee|8,000000
Florence Pugh|7,000000
Florian Lukas|7,000000
Florijan Ajdini|8,000000
Folco Lulli|8,000000
Ford Beebe Jr.|7,000000
Forest Whitaker|7,000000
Franca Marzi|8,000000
Frances Conroy|8,000000
Frances McDormand|7,400000
Frances Sternhagen|7,000000
Francine Racette|8,000000
Francis Capra|7,000000
Francis Huster|7,000000
François Berléand|7,000000
François Cluzet|8,000000
François Périer|8,000000
François Truffaut|7,000000
Frank Adu|7,000000
Frank Finlay|8,000000
Frank Giering|7,000000
Frank Langella|7,000000
Frank Lovejoy|8,000000
Frank Morgan|8,000000
Frank Overton|8,000000
Frank Oz|7,000000
Frank Paur|7,000000
Frank Sinatra|7,000000
Frank Vincent|8,000000
Franka Potente|7,000000
Frantz Turner|8,000000
Franz Rogowski|7,000000
Fred MacMurray|8,000000
Fred Willard|8,000000
Frederic Forrest|7,500000
Frederick Lau|7,000000
Frédérique Feder|8,000000
Fredric March|8,000000
Freida Pinto|8,000000
Friedrich Feher|8,000000
Gabriel Byrne|7,500000
Gabriele Ferzetti|7,000000
Gabrielle Anwar|8,000000
Gael García Bernal|7,500000
Gajraj Rao|8,000000
Garrett M. Brown|7,000000
Gary Busey|7,000000
Gary Cooper|7,000000
Gary Farmer|7,000000
Gary Lockwood|8,000000
Gary Oldman|7,500000
Gary Sinise|7,500000
Gary Stretch|7,000000
Gaspard Manesse|8,000000
Gaspard Ulliel|7,000000
Gastón Pauls|7,000000
Gastone Moschin|8,000000
Gattlin Griffith|7,000000
Gayatri Joshi|8,000000
Gaylen Ross|7,000000
Geert Van Rampelberg|7,000000
Gemma Jones|7,000000
Gena Rowlands|7,333333
Gene Bervoets|7,000000
Gene Hackman|7,166666
Gene Kelly|8,000000
Gene Lockhart|7,000000
Gene Tierney|8,000000
Gene Wilder|7,333333
Geneviève Page|7,000000
Geoffrey Arend|7,000000
Geoffrey Rush|7,500000
George C. Scott|7,666666
George Clooney|7,000000
George Cukor|8,000000
George Harrison|7,000000
George Kennedy|8,000000
George MacKay|7,500000
George Macready|7,500000
George O'Brien|8,000000
George Peppard|7,000000
George Raft|8,000000
George Sanders|8,000000
George Segal|8,000000
Georges Adet|7,000000
Georges Siatidis|7,000000
Gerald R. Molen|8,000000
Geraldine Chaplin|8,000000
Gerard Butler|7,333333
Gerard Hendrick|7,000000
Gérard Jugnot|7,000000
Gerardo Taracena|7,000000
Gerd Oswald|7,000000
Gerry Robert Byrne|8,000000
Gert Fröbe|7,000000
Gian Maria Volontè|8,000000
Gil Birmingham|7,000000
Gillian Anderson|7,000000
Gina Torres|7,000000
Ginnifer Goodwin|7,500000
Giorgi Nakashidze|8,000000
Giorgio Cantarini|8,000000
Giovanni Ribisi|7,000000
Giulietta Masina|8,000000
Giuseppe Battiston|7,000000
Giustino Durano|8,000000
Gladys George|8,000000
Glen Cavender|8,000000
Glen Hansard|7,000000
Glenn Ford|7,000000
Gloria Grahame|8,000000
Gloria Stuart|7,000000
Gloria Swanson|8,000000
Glynis Johns|7,000000
Godfrey Tearle|7,000000
Golshifteh Farahani|8,000000
Gong Li|8,000000
Gore Vidal|7,000000
Gorô Naya|8,000000
Goya Toledo|8,000000
Grace Kelly|7,666666
Graciela Tenenbaum|7,000000
Gracy Singh|8,000000
Graham Chapman|8,000000
Graham Greene|7,500000
Graham Norton|8,000000
Greg Cruttwell|7,000000
Greg Grunberg|7,000000
Greg Kinnear|7,000000
Gregory Peck|7,666666
Greta Schröder|7,000000
Griffin Dunne|7,000000
Grigoriy Aleksandrov|8,000000
Groucho Marx|7,000000
Guillaume Canet|7,000000
Günes Sensoy|7,000000
Gunnar Björnstrand|8,000000
Gunnel Lindblom|8,000000
Gustaf Skarsgård|7,000000
Gustav Fröhlich|8,000000
Gustav von Wangenheim|7,000000
Güven Kiraç|7,000000
Guy Decomble|8,000000
Guy Pearce|7,666666
Guylaine Schlumberger|8,000000
Gwen Eckhaus|7,000000
Gwilym Lee|8,000000
Gwyneth Paltrow|7,000000
Haaz Sleiman|7,000000
Hailee Steinfeld|7,000000
Haing S. Ngor|7,000000
Haley Joel Osment|8,000000
Halina Gryglaszewska|7,000000
Halina Reijn|7,000000
Haluk Bilginer|8,000000
Halvar Björk|8,000000
Hanno Pöschl|8,000000
Hardy Krüger|8,000000
Harold Ramis|7,000000
Harpo Marx|7,000000
Harriet Andersson|8,000000
Harrison Ford|7,875000
Harry Connick Jr.|8,000000
Harry Crocker|8,000000
Harry Dean Stanton|8,000000
Harry Guardino|7,000000
Harry Myers|8,000000
Harshaali Malhotra|8,000000
Hartley Power|8,000000
Haru Kuroki|8,000000
Haruo Tanaka|8,000000
Harvey Keitel|7,500000
Harvey Korman|7,000000
Haya Harareet|8,000000
Hayley Squires|7,000000
Heath Ledger|8,000000
Hector Elizondo|7,000000
Hee Jae|8,000000
Hee-won Kim|7,000000
Helen Hunt|7,000000
Helena Bonham Carter|8,000000
Helena Rojo|7,000000
Helmut Griem|7,000000
Helmut Qualtinger|7,000000
Hemendra Dandotiya|8,000000
Henning Moritzen|8,000000
Henri Serre|7,000000
Henri-Jacques Huet|7,000000
Henrik Dahl|7,000000
Henrik Lundström|7,000000
Henry Bergman|8,000000
Henry Cavill|7,000000
Henry Fonda|8,000000
Henry Thomas|7,000000
Henry Travers|7,000000
Herb Edelman|7,000000
Herbert Grönemeyer|8,000000
Herbert Knaup|7,000000
Herbert Lom|7,000000
Hiam Abbass|7,000000
Hideaki Anno|7,000000
Hidetoshi Nishijima|7,000000
Hilary Swank|8,000000
Hiromasa Yonebayashi|7,000000
Hiroyuki Okiura|7,000000
Hisako Kyôda|8,000000
Hitoshi Takagi|8,000000
Ho-jin Chun|7,000000
Holly Hunter|7,500000
Holmes Osborne|8,000000
Honor Blackman|7,000000
Horacio Salinas|7,000000
Howard Da Silva|7,000000
Hrithik Roshan|8,000000
Hubert Koundé|8,000000
Hubertus Bengsch|8,000000
Huck Milner|7,000000
Hudhail Al-Amir|7,000000
Hugh Bonneville|7,000000
Hugh Grant|7,000000
Hugh Jackman|7,750000
Hugh Marlowe|7,000000
Hugh Walsh|7,000000
Hugh Welchman|7,000000
Hugo Silva|7,000000
Hugo Weaving|8,000000
Hümeyra|8,000000
Humphrey Bogart|7,444444
Husnija Hasimovic|8,000000
Hye-ja Kim|7,000000
Hyeong-jin Kong|8,000000
Hyuk-ho Kwon|8,000000
Iain Rea|7,000000
Ian Hart|7,000000
Ian Hendry|7,000000
Ian Holm|7,000000
Ian McKellen|7,428571
Ida Engvoll|7,000000
Iemasa Kayumi|8,000000
Ignat Daniltsev|8,000000
Iko Uwais|7,500000
Ileana D'Cruz|8,000000
Ilker Kizmaz|8,000000
Imelda Staunton|7,000000
Indraneil Sengupta|8,000000
Inge Landgut|8,000000
Ingrid Bergman|7,666666
Ingrid Thulin|8,000000
In-mun Kim|8,000000
Irandhir Santos|8,000000
Irène Jacob|7,500000
Irene Miracle|7,000000
Irene Papas|8,000000
Irrfan Khan|7,500000
Irving Metzman|7,000000
Isa Danieli|8,000000
Isaac Hayes|7,000000
Isabella Rossellini|7,000000
Isabelle Adjani|7,000000
Isabelle Huppert|7,000000
Ismail Hacioglu|8,000000
Issey Takahashi|7,000000
Isuzu Yamada|8,000000
Ivan Bobrov|8,000000
Ivan Dobronravov|8,000000
Ivan Lapikov|8,000000
Ivana Baquero|8,000000
Izabela Vidovic|8,000000
J. Mackye Gruber|7,000000
J.D. Cannon|8,000000
J.K. Simmons|8,000000
J.T. Walsh|8,000000
Jack Albertson|7,000000
Jack Benny|8,000000
Jack Carson|8,000000
Jack Hawkins|7,750000
Jack Kehoe|7,000000
Jack Lemmon|7,600000
Jack McBrayer|7,000000
Jack Nicholson|7,666666
Jack Oakie|8,000000
Jack Reynor|7,000000
Jack Thibeau|7,000000
Jack Warden|7,333333
Jacki Weaver|7,000000
Jackie Coogan|8,000000
Jackie Earle Haley|7,000000
Jackie Gleason|8,000000
Jacob Tremblay|8,000000
Jacqueline Andere|8,000000
Jacques Villeret|7,000000
Jaden Smith|8,000000
Jae Head|7,000000
Jae-ho Song|8,000000
Jake Gyllenhaal|7,285714
Jake Johnson|8,000000
James Booth|7,000000
James Caan|8,000000
James Cagney|8,000000
James Coburn|7,000000
James Cromwell|7,000000
James Dean|7,000000
James Doohan|7,000000
James Earl Jones|8,000000
James Fleet|7,000000
James Garner|7,500000
James Gleason|8,000000
James Laurenson|8,000000
James Marsden|7,500000
James Mason|7,500000
James McAvoy|7,000000
James Rebhorn|7,500000
James Remar|7,000000
James Stewart|7,800000
James Woods|8,000000
Jamie Bell|7,000000
Jamie Chung|7,000000
Jamie Draven|7,000000
Jamie Foxx|7,500000
Jamie Lee Curtis|7,000000
Jan Cornet|7,000000
Jan Josef Liefers|8,000000
Jan Pinkava|8,000000
Jan Sterling|8,000000
Jane Adams|7,000000
Jane Alexander|7,000000
Jane Darwell|8,000000
Jane Fonda|7,000000
Jane Galloway Heitz|8,000000
Jane Greer|8,000000
Jane Lynch|7,000000
Jane Wyman|7,000000
Janelle Monáe|7,000000
Janet Gaynor|8,000000
Janet Leigh|7,666666
Jang Dong-Gun|8,000000
Janine Darcey|8,000000
Janusz Gajos|7,000000
Jared Bush|8,000000
Jared Gilman|7,000000
Jared Leto|7,500000
Jason Bateman|8,000000
Jason Cope|7,000000
Jason Flemyng|8,000000
Jason Lee|8,000000
Jason London|7,000000
Jason Mitchell|7,000000
Jason Patric|7,000000
Jason Robards|8,000000
Jason Schwartzman|7,333333
Jason Segel|7,000000
Jason Statham|8,000000
Javier Bardem|7,666666
Javier Cámara|7,000000
Jay Baruchel|7,666666
Jay C. Flippen|8,000000
Jaya Bachchan|8,000000
JB Blanc|7,000000
Jean Arthur|8,000000
Jean Dujardin|7,000000
Jean Gabin|8,000000
Jean Heywood|7,000000
Jean Martin|8,000000
Jean Reno|8,000000
Jean Seberg|7,000000
Jean Servais|8,000000
Jean Simmons|7,000000
Jean Sorel|7,000000
Jean Topart|7,000000
Jean-Baptiste Maunier|7,000000
Jean-Claude Donda|7,000000
Jean-Louis Trintignant|7,666666
Jean-Marc Barr|7,000000
Jeanne Bates|7,000000
Jeanne Moreau|7,000000
Jean-Paul Belmondo|7,000000
Jean-Pierre Jeunet|7,000000
Jean-Pierre Léaud|8,000000
Jean-Pierre Lorit|8,000000
Jeff Anderson|7,000000
Jeff Bridges|7,285714
Jeff Cohen|7,000000
Jeff Daniels|7,000000
Jeff Garlin|8,000000
Jeff Goldblum|8,000000
Jeffrey Ho|8,000000
Jeffrey Hunter|7,000000
Jeffrey Jones|7,000000
Jeffrey Wright|8,000000
Jemaine Clement|7,000000
Je-mun Yun|7,000000
Jena Malone|8,000000
Jennifer Aniston|7,500000
Jennifer Connelly|7,600000
Jennifer Drake|7,000000
Jennifer Garner|8,000000
Jennifer Jason Leigh|7,000000
Jennifer Lawrence|7,000000
Jennifer Lien|8,000000
Jennifer Morrison|8,000000
Jennifer Saunders|7,000000
Jennifer Ulrich|7,000000
Jeon Gook-Hwan|7,000000
Jeremy Irons|7,500000
Jeremy Renner|7,333333
Jeremy Strong|7,000000
Jerome Flynn|7,000000
Jerry Lewis|7,000000
Jerry Nelson|7,000000
Jerry O'Connell|8,000000
Jerry Zucker|7,000000
Jerzy Stuhr|7,000000
Jesse Borrego|8,000000
Jesse Corti|8,000000
Jesse Eisenberg|7,000000
Jessica Biel|7,000000
Jessica Chastain|8,000000
Jessica Lange|7,500000
Jessica Tandy|7,000000
Jessie Royce Landis|8,000000
Jet Li|7,000000
Ji-Eun Lim|7,000000
Jim Backus|7,000000
Jim Carrey|8,000000
Jim Caviezel|7,000000
Jim Henson|7,000000
Jim Kelly|7,000000
Jim Sturgess|7,000000
Jim Varney|8,000000
Jimmy Sheirgill|8,000000
Jin Goo|7,000000
Jingwu Ma|8,000000
Jin-mo Joo|8,000000
Jinpachi Nezu|8,000000
Jo Hartley|7,000000
Jo Van Fleet|7,000000
Joan Allen|7,666666
Joan Chen|7,000000
Joan Crawford|8,000000
Joan Cusack|8,000000
Joan Fontaine|8,000000
Joan Greenwood|8,000000
Joanna Cassidy|7,000000
Joanne Dru|7,000000
Joaquin Phoenix|7,800000
Jodi Benson|7,000000
Jodie Foster|7,500000
Joe Keaton|8,000000
Joe Pantoliano|8,000000
Joe Pesci|7,500000
Joe Russo|7,500000
Joel Basman|7,000000
Joel Coen|7,500000
Joel Edgerton|8,000000
Joel Grey|7,000000
Johan Heldenbergh|7,000000
Johanna ter Steege|7,000000
John Belushi|7,000000
John Billingsley|7,000000
John Boles|7,000000
John Boyega|7,000000
John Buckwalter|7,000000
John C. Reilly|7,000000
John Cameron Mitchell|7,000000
John Candy|7,000000
John Carradine|7,500000
John Cassavetes|7,500000
John Castle|7,000000
John Cazale|7,666666
John Cho|7,000000
John Cleese|8,000000
John Cusack|7,000000
John Dall|8,000000
John Fiedler|8,000000
John Fraser|7,000000
John Gallagher Jr.|8,000000
John Gavin|8,000000
John Getz|7,000000
John Gielgud|8,000000
John Goodman|7,400000
John Haycraft|7,000000
John Heard|7,000000
John Hillerman|8,000000
John Hodgman|7,000000
John Hodiak|7,000000
John Hubley|7,000000
John Hurt|7,666666
John Huston|8,000000
John Leguizamo|7,000000
John Lennon|7,000000
John Lone|7,000000
John Lurie|7,000000
John Mahoney|7,000000
John Malkovich|7,000000
John Matthews|8,000000
John McGiver|7,000000
John Megna|8,000000
John Musker|7,333333
John Payne|7,000000
John Rafter Lee|7,000000
John Randolph|7,000000
John Ratzenberger|8,000000
John Rhys-Davies|8,000000
John Ridgely|7,000000
John Ritter|8,000000
John Roselius|7,000000
John Savage|8,000000
John Saxon|7,000000
John Sharian|7,000000
John Travolta|8,000000
John Turturro|7,000000
John Wayne|7,333333
John Williams|8,000000
John Wray|8,000000
Johnny Depp|7,111111
Johnny Sekka|8,000000
Jon Bernthal|7,333333
Jon Hamm|7,000000
Jon Lovitz|7,000000
Jon Voight|7,333333
Jonah Hill|7,500000
Jonathan Pryce|7,000000
Jonathan Rhys Meyers|7,000000
Jong-ho Kim|8,000000
Jonny Lee Miller|8,000000
Jordan Nagai|8,000000
José Baviera|8,000000
Jose Coronado|7,500000
José Lewgoy|8,000000
Josef Altin|7,000000
Joseph A. Carpenter|8,000000
Joseph Calleia|7,500000
Joseph Cotten|7,666666
Joseph Fiennes|7,000000
Joseph Gordon-Levitt|7,250000
Joseph Lee|7,000000
Joseph Melito|8,000000
Joseph Schildkraut|8,000000
Joséphine Lebas-Joly|7,000000
Josh Brolin|7,166666
Josh Charles|8,000000
Josh Hartnett|7,000000
Josh Lucas|7,000000
Josh O'Connor|7,000000
Joyce Carey|8,000000
Juan Ferrara|7,000000
Judd Hirsch|7,000000
Judd Nelson|7,000000
Jude Law|7,000000
Judi Dench|7,333333
Judith Anderson|8,000000
Judith O'Dea|7,000000
Judy Davis|7,000000
Julia Greer|7,000000
Julia Jones|7,000000
Julia Ormond|7,000000
Julia Roberts|7,500000
Julia Stiles|8,000000
Julian Arahanga|7,000000
Julian Dennison|7,000000
Julian Sands|7,000000
Juliane Köhler|8,000000
Julianne Moore|7,333333
Julianne Nicholson|8,000000
Julie Andrews|7,500000
Julie Christie|7,333333
Julie Delpy|7,400000
Julie Hagerty|7,000000
Julie Harris|7,000000
Julie Kavner|7,000000
Julie Walters|7,000000
Juliette Binoche|7,000000
Juliette Lewis|7,000000
Juliette Mayniel|7,000000
Jun Ji-Hyun|8,000000
June Squibb|7,000000
Jung-woo Ha|7,500000
Junko Iwao|8,000000
Jürgen Prochnow|8,000000
Jürgen Vogel|7,000000
Jüri Järvet|8,000000
Justin Bartha|7,000000
Justin Braine|7,000000
Justin Henry|7,000000
Justin Theroux|7,000000
Justin Timberlake|7,000000
Justine Waddell|7,000000
Jyoti Malshe|8,000000
Ka Tung Lam|8,000000
Kad Merad|7,000000
Kagiso Kuypers|8,000000
Kaitlyn Dever|8,000000
Kajol|8,000000
Kalina Jedrusik|7,000000
Kalki Koechlin|8,000000
Kamatari Fujiwara|8,000000
Kang Hye-jeong|8,000000
Kangana Ranaut|8,000000
Kang-ho Song|7,500000
Kappei Yamaguchi|7,000000
Kara Hayward|7,000000
Kåre Hedebrant|7,000000
Kareena Kapoor|7,333333
Karen Allen|8,000000
Karen Morley|7,000000
Kari Sylwan|8,000000
Karina Arroyave|7,000000
Karisma Kapoor|8,000000
Karl Hardman|7,000000
Karl Malden|7,666666
Karlheinz Böhm|7,000000
Kasi Lemmons|8,000000
Kassie Wesley DePaiva|7,000000
Kasumi Arimura|7,000000
Kate Ashfield|7,000000
Kate Hudson|7,000000
Kate Mara|8,000000
Kate Winslet|7,200000
Katharine Hepburn|7,000000
Katharine Houghton|7,000000
Katharine Ross|8,000000
Katherine Helmond|7,000000
Kathryn McGuire|8,000000
Kathy Bates|7,000000
Kátia Lund|8,000000
Katie A. Keane|8,000000
Katrin Cartlidge|7,000000
Katrin Saß|7,000000
Katrina Kaif|8,000000
Katsunosuke Hori|7,000000
Kawsar Al Haddad|8,000000
Kay Kay Menon|8,000000
Kayoko Kishimoto|7,000000
Kazuko Yoshiyuki|8,000000
Kazunari Ninomiya|7,000000
Kazuya Tsurumaki|8,000000
Keanu Reeves|8,000000
Keenan Wynn|8,000000
Keiju Kobayashi|8,000000
Keiko Tsushima|8,000000
Keiko Yokozawa|8,000000
Keir Dullea|8,000000
Keira Knightley|7,500000
Keith David|8,000000
Kelsey Asbille|7,000000
Kemp Powers|8,000000
Ken Foree|7,000000
Ken Leung|7,000000
Ken Stott|7,000000
Ken Watanabe|7,500000
Ken'ichi Hagiwara|8,000000
Ken'ichi Matsuyama|7,000000
Kenneth Branagh|7,000000
Kenshô Ono|8,000000
Keri Russell|7,000000
Kermit the Frog|7,000000
Kerry Washington|7,333333
Kevin Bacon|7,000000
Kevin Costner|7,500000
Kevin Jarre|7,000000
Kevin McCarthy|7,000000
Kevin McKidd|8,000000
Kevin Peter Hall|7,000000
Kevin Spacey|7,800000
Kiara Advani|7,000000
Ki-duk Kim|8,000000
Kiefer Sutherland|7,000000
Kim Basinger|8,000000
Kim Byeong-Ok|8,000000
Kim Greist|7,000000
Kim Hunter|8,000000
Kim Min-hee|8,000000
Kim Novak|8,000000
Kim Sang-kyung|8,000000
Kim Tae-Woo|7,000000
Kim Uylenbroek|7,000000
Kim Yoon-seok|7,000000
Kim Young-Min|8,000000
Kimberly Stringer|7,000000
King Donovan|7,000000
Kirin Kiki|7,000000
Kirk Acevedo|7,000000
Kirk Douglas|7,750000
Kirk Wise|8,000000
Kirron Kher|7,000000
Kirsten Dunst|7,000000
Kirsten Sheridan|7,000000
Kirti Kulhari|8,000000
Kishori Ballal|8,000000
Kiyoshi Kobayashi|7,000000
Klaus Kinski|7,500000
Klaus Wennemann|8,000000
Kodi Smit-McPhee|7,000000
Kôichi Yamadera|7,500000
Kong Chu|7,000000
Konkona Sen Sharma|8,000000
Konstantin Lavronenko|8,000000
Kotoe Hatsui|8,000000
Koyu Rankin|7,000000
Kristen Wiig|8,000000
Kristina Adolphson|8,000000
Kumud Mishra|7,500000
Kurt Fuller|7,000000
Kurt Russell|7,250000
Kyle Chandler|7,000000
Kyle MacLachlan|7,000000
Kyôko Kagawa|8,000000
Kyung-jin Lee|8,000000
Lady Gaga|7,000000
Laia Costa|7,000000
Laila Robins|7,000000
Lamberto Maggiorani|8,000000
Lance Henriksen|7,000000
Lari White|7,000000
Larry Gates|7,000000
Lars Ranthe|7,000000
Lasse Fogelstrøm|8,000000
Laura Dern|7,250000
Laura Harring|7,000000
Laura Linney|7,500000
Laura Obiols|7,500000
Laura Vasiliu|7,000000
Lauren Bacall|7,250000
Lauren Ridloff|7,000000
Laurence Fishburne|7,500000
Laurence Harvey|7,000000
Laurence Olivier|7,666666
Lawrence A. Bonney|8,000000
Lazar Ristovski|8,000000
Lea Massari|7,000000
Léa Seydoux|7,000000
Lea Thompson|7,500000
Leandro Firmino|8,000000
Lee Byung-Hun|7,000000
Lee Grant|7,000000
Lee J. Cobb|8,333333
Lee Marvin|7,500000
Lee Pace|7,000000
Lee Remick|8,000000
Lee Sun-kyun|8,000000
Lee Unkrich|7,666666
Lee Van Cleef|8,000000
Lee Yeong-ae|7,000000
Leigh Whannell|7,000000
Leila Hatami|8,000000
Leila Hyams|7,000000
Leland Orser|7,000000
Leland Palmer|7,000000
Lembit Ulfsak|8,000000
Lena Endre|7,000000
Lena Headey|7,000000
Lena Nyman|8,000000
Leo G. Carroll|7,000000
Leo McKern|7,000000
Leon Lai|7,000000
Leonard Frey|8,000000
Leonard Nimoy|7,000000
Leonardo DiCaprio|7,727272
Leonie Benesch|7,000000
Leonor Watling|7,000000
Lesley Sharp|7,000000
Leslie Cheung|8,000000
Leslie Nielsen|7,000000
Leslie Odom Jr.|8,000000
Lew Ayres|8,000000
Lewis Black|8,000000
Li Sun|7,000000
Liam Aiken|7,000000
Liam Cunningham|7,000000
Liam Neeson|7,500000
Lianella Carell|8,000000
Liesel Matthews|7,000000
Liev Schreiber|7,500000
Lil Dagover|8,000000
Lillete Dubey|7,000000
Lillian Gish|8,000000
Lillo Brancato|7,000000
Lilly Wachowski|8,000000
Lily Franky|7,000000
Lina Leandersson|7,000000
Linda Blair|8,000000
Linda Cardellini|8,000000
Linda Hamilton|8,000000
Linda Larkin|8,000000
Linda Manz|7,000000
Linda Zilliacus|7,000000
Lindsay Duncan|7,000000
Linh Dan Pham|7,000000
Lin-Manuel Miranda|8,000000
Lionel Barrymore|7,500000
Lisa Hannigan|8,000000
Lisa Haydon|8,000000
Lisa Spoonauer|7,000000
Lisanne Falk|7,000000
Liubomiras Laucevicius|8,000000
Liv Ullmann|8,000000
Liza Minnelli|7,000000
Ljubica Adzovic|8,000000
Lloyd Avery II|7,000000
Lloyd Bridges|7,000000
Logan Lerman|7,500000
Lola Dueñas|8,000000
Lorelei Linklater|7,000000
Lorella Cravotta|8,000000
Lori Martin|7,000000
Lorraine Bracco|8,000000
Lorraine Gary|8,000000
Lou Romano|8,000000
Louis Calhern|7,000000
Louis Eppolito|7,000000
Louis Hofmann|7,000000
Louis Prima|7,000000
Louis Wolheim|8,000000
Louise Fletcher|8,000000
Louise Lemoine Torrès|8,000000
Loveleen Tandan|8,000000
Luàna Bajrami|8,000000
Lubna Azabal|8,000000
Lucas Hedges|7,000000
Lucie Mannheim|7,000000
Lucy Boynton|8,000000
Lucy Davis|7,000000
Lucy Liu|7,000000
Luis Guzmán|7,000000
Luis Tosar|7,000000
Luke Bracey|8,000000
Lydia Wilson|7,000000
Lyubov Agapova|7,000000
Mabel Rivera|8,000000
Macaulay Culkin|7,000000
Macdonald Carey|7,000000
Machiko Kyô|8,000000
Mack Swain|8,000000
Mackenzie Foy|7,500000
Madeleine Carroll|7,000000
Madeleine Stowe|7,500000
Madeline Carroll|7,000000
Madeline Kahn|8,000000
Madhavan|8,000000
Mads Mikkelsen|7,250000
Mae Clarke|7,000000
Magali Noël|7,000000
Maggie Cheung|7,500000
Maggie Grace|7,000000
Maggie Smith|7,000000
Magnus Millang|7,000000
Mahershala Ali|8,000000
Mahesh Manjrekar|8,000000
Mahie Gill|8,000000
Mahito Tsujimura|8,000000
Makio Inoue|7,000000
Malcolm McDowell|8,000000
Malin Akerman|7,000000
Mamaengaroa Kerr-Bell|7,000000
Mami Koyama|8,000000
Mandy Moore|7,000000
Mandy Patinkin|8,000000
Manjot Singh|8,000000
Manoj Bajpayee|8,000000
Manuel Morón|7,000000
Mara Krupp|8,000000
Marc-André Grondin|7,000000
Marcel Dalio|8,000000
Marcello Mastroianni|8,000000
Marcia Gay Harden|7,500000
Marco Giallini|7,000000
Mare Winningham|7,000000
Margaret Avery|7,000000
Margaret Livingston|8,000000
Margaret Lockwood|7,000000
Margaret Sullavan|8,000000
Margaret Wycherly|8,000000
Margaretha Krook|8,000000
Margarita Terekhova|8,000000
Margot Robbie|7,500000
Maria Doyle Kennedy|7,000000
Maria Falconetti|8,000000
Maria Grazia Cucinotta|7,000000
María Marull|8,000000
María Mercedes Villagra|7,000000
Maria Monti|7,000000
Marianne Koch|8,000000
Maribel Verdú|7,500000
Marie-Josée Croze|8,000000
Mariel Hemingway|7,000000
Marie-Laure Dougnac|7,000000
Marília Pêra|8,000000
Marilyn Eastman|7,000000
Marilyn Ghigliotti|7,000000
Marilyn Monroe|8,000000
Marina de Tavira|7,000000
Marina Vasileva|7,000000
Mario Casas|8,000000
Marion Cotillard|7,000000
Marion Mack|8,000000
Marisa Berenson|8,000000
Marisa Paredes|7,000000
Marisa Tomei|7,000000
Marius Goring|8,000000
Marjane Satrapi|8,000000
Mark Boone Junior|8,000000
Mark Hamill|8,000000
Mark Margolis|7,000000
Mark Ruffalo|7,571428
Mark Rydell|7,000000
Mark Rylance|7,000000
Mark Strong|7,000000
Mark Wahlberg|7,333333
Markéta Irglová|7,000000
Markus Rygaard|7,000000
Marlene Dietrich|8,000000
Marlon Brando|8,250000
Marlon Wayans|8,000000
Martha Vickers|7,000000
Martin Balsam|7,666666
Martin Freeman|7,000000
Martin Landau|7,000000
Martin Milner|8,000000
Martin Sheen|7,666666
Martin Stringer|8,000000
Martina Gedeck|8,000000
Marty Feldman|8,000000
Mary Astor|8,000000
Mary Elizabeth Mastrantonio|8,000000
Mary Kay Bergman|7,000000
Mary McDonnell|8,000000
Mary Steenburgen|7,500000
Mary Stuart Masterson|7,000000
Mary Tyler Moore|7,000000
Mary Ure|7,000000
Maryana Spivak|7,000000
Mary-Louise Parker|7,000000
Masaaki Ôkura|8,000000
Masahiko Nishimura|7,000000
Masahiro Motoki|8,000000
Masaki Okada|7,000000
Masayuki Mori|8,000000
Massimo Troisi|7,000000
Matheus Nachtergaele|8,000000
Mathieu Amalric|8,000000
Mathieu Kassovitz|8,000000
Matt Damon|7,545454
Matt Stone|7,000000
Matthew Broderick|7,333333
Matthew Edison|7,000000
Matthew Goode|7,500000
Matthew Macfadyen|7,000000
Matthew McConaughey|7,500000
Matthew Modine|8,000000
Matvey Novikov|7,000000
Maureen O'Hara|7,000000
Maureen O'Sullivan|8,000000
Maurice Evans|8,000000
Maurice Schutz|8,000000
Max Phipps|7,000000
Max Riemelt|7,000000
Max Schreck|7,000000
Max von Sydow|7,750000
Maxim Gaudette|8,000000
Maxine Audley|7,000000
May Whitty|7,000000
Mayu Matsuoka|7,000000
Mayumi Izuka|7,000000
Mayumi Tanaka|8,000000
Mckenna Grace|7,000000
Meat Loaf|8,000000
Meena|8,000000
Meg Ryan|7,000000
Megs Jenkins|7,000000
Megumi Hayashibara|7,500000
Megumi Ogata|8,000000
Mehdi Nebbou|7,000000
Mel Gibson|7,333333
Mélanie Laurent|8,000000
Mélanie Thierry|8,000000
Melinda Dillon|7,000000
Melisa Sözen|8,000000
Melissa Benoist|8,000000
Mélissa Désormeaux-Poulin|8,000000
Melissa Leo|7,500000
Melora Walters|7,000000
Melvyn Douglas|7,500000
Mercedes Morán|7,000000
Merila Zare'i|8,000000
Merna Kennedy|8,000000
Mervyn LeRoy|8,000000
Meryl Streep|7,000000
Mete Horozoglu|8,000000
Mia Farrow|7,250000
Mía Maestro|7,000000
Mia Sara|7,000000
Michael Ansara|8,000000
Michael B. Jordan|7,000000
Michael Bates|8,000000
Michael Beck|7,000000
Michael Berryman|8,000000
Michael Biehn|8,000000
Michael Caine|7,555555
Michael Clarke Duncan|8,000000
Michael Douglas|7,000000
Michael Ealy|7,000000
Michael Fassbender|7,500000
Michael Gambon|7,500000
Michael J. Fox|7,500000
Michael J. Pollard|7,000000
Michael Keaton|7,500000
Michael Kenneth Williams|8,000000
Michael Lee Gogin|7,000000
Michael Madsen|7,750000
Michael McKean|7,000000
Michael Murphy|7,000000
Michael Nyqvist|7,000000
Michael Palin|8,000000
Michael Peña|7,000000
Michael Preston|7,000000
Michael Redgrave|7,000000
Michael Rennie|7,000000
Michael Schwartz|7,000000
Michael Sheen|7,000000
Michael Strong|7,000000
Michael Stuhlbarg|7,000000
Michael York|7,000000
Michel Auclair|7,000000
Michel Côté|7,000000
Michel Piccoli|7,000000
Michel Robin|7,000000
Michèle Caucheteux|7,000000
Michelle Dockery|7,000000
Michelle La|7,000000
Michelle Monaghan|7,000000
Michelle Pfeiffer|7,500000
Michelle Reis|7,000000
Michelle Rodriguez|7,000000
Michelle Williams|7,000000
Michelle Yeoh|7,000000
Mick Lally|7,000000
Mickey Rourke|7,500000
Miguel Ángel Fuentes|8,000000
Mikael Persbrandt|7,000000
Mike Myers|7,000000
Mike Vitar|7,000000
Miki Imai|7,000000
Mikkel Boe Følsgaard|7,000000
Mila Kunis|8,000000
Mila Parély|8,000000
Miles Teller|7,500000
Milhem Cortaz|8,000000
Milla Jovovich|7,000000
Mina Sadati|7,000000
Minami Takayama|7,000000
Ming-Na Wen|7,000000
Minori Terada|8,000000
Minoru Chiaki|8,000000
Miori Takimoto|7,000000
Mirai Shida|7,000000
Miranda Richardson|7,000000
Miriam Shor|7,000000
Mirjana Jokovic|8,000000
Misa Uehara|8,000000
Misha Meskhi|8,000000
Miss Piggy|7,000000
Mitchell Ryan|7,000000
Mitchell Whitfield|7,000000
Mithun Chakraborty|8,000000
Mitsuo Iwata|8,000000
Mitsutaka Itakura|7,000000
Miyu Irino|8,000000
Mohammad Amir Naji|8,000000
Mohanlal|8,000000
Mohit Raina|8,000000
Moira Shearer|7,500000
Molly Picon|8,000000
Molly Ringwald|7,000000
Mona Singh|8,000000
Mone Kamishiraishi|8,000000
Monica Viegas|7,000000
Mónica Villa|8,000000
Monica Vitti|7,000000
Montgomery Clift|7,000000
Moon So-Ri|8,000000
Morena Baccarin|7,500000
Morgan Freeman|7,714285
Moritz Bleibtreu|7,333333
Muhammet Uzuner|7,000000
Mustafa Kamel|8,000000
Myrna Loy|8,000000
Nafise Jafar-Mohammadi|8,000000
Nakul Roshan Sahdev|8,000000
Nanako Matsushima|7,000000
Nancy Kyes|7,000000
Nancy Olson|8,000000
Naomi Watts|7,000000
Naomie Harris|7,000000
Nargis Fakhri|7,000000
Naseeruddin Shah|8,000000
Nastassja Kinski|8,000000
Nat Pendleton|8,000000
Nat Wolff|7,000000
Natalie Dessay|7,000000
Natalie Portman|8,000000
Natalie Wood|7,000000
Nataliya Vdovina|8,000000
Natalya Bondarchuk|8,000000
Nathalie Boltt|7,000000
Nathalie Delon|8,000000
Nathan Fillion|7,000000
Nawazuddin Siddiqui|7,750000
Ned Beatty|7,500000
Neena Gupta|8,000000
Neeraj Kabi|8,000000
Neeral Mulchandani|7,000000
Neil Brown Jr.|7,000000
Neil Patrick Harris|8,000000
Nell Cattrysse|7,000000
Nicholas Hoult|8,000000
Nick Frost|7,000000
Nick Moran|8,000000
Nick Nolte|7,500000
Nick Offerman|7,000000
Nicolas Bro|7,000000
Nicolas Cage|7,000000
Nicole Kidman|7,666666
Nicoletta Braschi|7,500000
Niels Arestrup|7,000000
Nigel Havers|7,000000
Nikolay Burlyaev|8,000000
Nikolay Grinko|8,000000
Nikolay Sergeev|8,000000
Nils Poppe|8,000000
Nimrat Kaur|7,500000
Nina Petri|7,000000
Nina van Pallandt|7,000000
Nisa Sofiya Aksongur|8,000000
Noah Emmerich|8,000000
Nobuo Kaneko|8,000000
Noémie Merlant|8,000000
Noomi Rapace|7,000000
Nora Gregor|8,000000
Nora Twomey|7,000000
Nora-Jane Noone|7,000000
Noriko Hidaka|8,000000
Norma Crane|8,000000
Norman Ferguson|7,000000
Norman Reedus|7,000000
Norman Taurog|8,000000
Nozomu Sasaki|8,000000
Nurgül Yesilçay|7,000000
Nursel Köse|7,000000
O.J. Simpson|7,000000
Octavia Spencer|7,333333
Oka Antara|8,000000
Oksana Akinshina|7,000000
Oleg Yankovskiy|8,000000
Olga Baclanova|7,000000
Olga Mironova|8,000000
Oliver Reed|8,000000
Oliver Stokowski|7,000000
Olivia Cooke|7,000000
Olivia de Havilland|7,000000
Olivia Wilde|8,000000
Olivia Williams|7,500000
Omar Sharif|8,000000
Omar Sy|8,000000
Ömer Faruk Sorak|8,000000
Oprah Winfrey|7,000000
Orlando Bloom|8,000000
Orson Welles|8,000000
Orto Ignatiussen|7,000000
Osamu Saka|7,000000
Oscar Isaac|7,000000
O'Shea Jackson Jr.|7,000000
Oskar Werner|7,000000
Ossie Davis|8,000000
Otto Preminger|8,000000
Otto Sander|8,000000
Otto Wernicke|8,000000
Owen Wilson|7,500000
Ozan Güven|8,000000
Özge Özberk|8,000000
Pablo Rago|8,000000
Paddy Considine|7,000000
Paige O'Hara|8,000000
Pamela Adlon|7,000000
Paolo Bonacelli|7,000000
Paprika Steen|7,500000
Parambrata Chattopadhyay|8,000000
Paresh Rawal|8,000000
Pascal Benezech|7,000000
Pascal Greggory|7,000000
Patricia Arquette|7,000000
Patricia Clarkson|7,000000
Patricia Neal|7,000000
Patrick Fugit|7,000000
Patrick Horgan|7,000000
Patrick Huard|8,000000
Patrick Magee|8,000000
Patrick McGoohan|7,500000
Patrick Renna|7,000000
Patrick Stewart|7,500000
Patrick Wilson|7,000000
Patrick Wymark|7,000000
Patton Oswalt|8,000000
Paul Benjamin|7,000000
Paul Bettany|8,000000
Paul Dano|8,000000
Paul Frankeur|7,000000
Paul Freeman|8,000000
Paul Giamatti|7,500000
Paul Henreid|8,000000
Paul Lukas|7,000000
Paul McCartney|7,000000
Paul McGann|7,000000
Paul Meurisse|8,000000
Paul Muni|7,000000
Paul Newman|7,833333
Paul Raci|7,000000
Paul Reiser|8,000000
Paul Rudd|8,000000
Paul Sanchez|7,000000
Paul Scofield|7,000000
Paul Winfield|8,000000
Paulette Dubost|8,000000
Paulette Goddard|8,000000
Pauline Burlet|7,000000
Pavel Ponomaryov|7,000000
Pawan Malhotra|8,000000
Payman Maadi|8,000000
Penelope Allen|8,000000
Penelope Ann Miller|7,000000
Penélope Cruz|7,000000
Per Ragnar|7,000000
Pernilla Allwin|8,000000
Perry Lopez|8,000000
Pete Postlethwaite|8,000000
Peter Billingsley|7,000000
Peter Boyle|8,000000
Peter Brocco|8,000000
Peter Bull|7,000000
Peter Coyote|7,000000
Peter Dinklage|7,000000
Peter Finch|8,000000
Peter Lorre|8,000000
Peter Ostrum|7,000000
Peter O'Toole|7,333333
Peter Ramsey|8,000000
Peter Sellers|7,666666
Peter Stormare|8,000000
Peter van Eyck|8,000000
Peter Wyngarde|7,000000
Phil Harris|7,000000
Phil Lord|7,000000
Philip Chan|7,000000
Philip King|8,000000
Philip Seymour Hoffman|7,333333
Philippe Noiret|7,500000
Phillip Terry|7,000000
Phillipa Soo|8,000000
Phylicia Rashad|7,000000
Phyllis Logan|8,000000
Pierre Barbaud|7,000000
Pierre Brasseur|7,000000
Pierre Fresnay|8,000000
Ping Lam Siu|8,000000
Piper Laurie|8,000000
Polly Bergen|7,000000
Porter Hall|8,000000
Prabhas|8,000000
Prakash Belawadi|8,000000
Prateik|8,000000
Predrag 'Miki' Manojlovic|8,000000
Preity Zinta|7,666666
Priscilla Lane|8,000000
Priscilla Presley|7,000000
Priya Anand|7,000000
Priyanka Chopra|8,000000
Pruitt Taylor Vince|8,000000
Pupella Maggio|7,000000
Pushkar|8,000000
Qiu Yuen|7,000000
Quentin Tarantino|8,000000
Quinton Aaron|7,000000
R. Lee Ermey|8,000000
Rachel Griffiths|7,000000
Rachel House|7,000000
Rachel McAdams|7,166666
Rachel Shelley|8,000000
Rachel Ticotin|7,000000
Rachel Weisz|7,000000
Radha Mitchell|7,000000
Radhika Apte|8,000000
Raghuvir Yadav|8,000000
Rajat Barmecha|8,000000
Rajat Kapoor|8,000000
Rajesh Abhay|8,000000
Rajesh Khanna|8,000000
Rajit Kapoor|7,000000
Rajkummar Rao|7,500000
Ralph Bellamy|7,000000
Ralph Brown|7,000000
Ralph Fiennes|7,666666
Ralph Macchio|7,000000
Ralph Meeker|8,000000
Ralph Richardson|7,000000
Ram Kapoor|8,000000
Ramachandra Raju|8,000000
Ramesh Deo|8,000000
Rami Malek|8,000000
Ramon Bieri|7,000000
Ramya Krishnan|8,000000
Rana Daggubati|8,000000
Ranbir Kapoor|7,500000
Randy Quaid|7,000000
Rani Mukerji|7,500000
Ranveer Singh|8,000000
Raoul Max Trujillo|7,000000
Raphael Fejtö|8,000000
Rashida Jones|8,000000
Raveena Tandon|8,000000
Ray Liotta|8,000000
Ray Milland|7,500000
Ray Sahetapy|7,000000
Ray Walston|8,000000
Raymond Massey|7,500000
Rebecca De Mornay|7,000000
Reda Kateb|7,000000
Reese Witherspoon|7,000000
Regina King|7,000000
Reginald Gardiner|8,000000
Reginald VelJohnson|8,000000
Rei Sakuma|7,000000
Ren Osugi|7,000000
Rena Owen|7,000000
Rene Auberjonois|7,000000
Rene Bitorajac|7,000000
Rene Russo|7,000000
Renée Elise Goldsberry|8,000000
Renée Zellweger|8,000000
Reni Santoni|7,000000
Rex Harrison|7,000000
Rhonda Fleming|8,000000
Rica Matsumoto|8,000000
Ricardo Darín|7,500000
Ricardo Montalban|7,000000
Rich Moore|8,000000
Richa Chadha|8,000000
Richard Armitage|7,000000
Richard Attenborough|8,000000
Richard Basehart|8,000000
Richard Briers|7,000000
Richard Burton|7,500000
Richard Crenna|7,000000
Richard Dormer|8,000000
Richard Dreyfuss|7,500000
Richard E. Grant|7,000000
Richard Edson|8,000000
Richard Farnsworth|7,500000
Richard Gere|7,333333
Richard Griffiths|7,000000
Richard Harris|7,500000
Richard Haydn|8,000000
Richard Hunt|7,000000
Richard Jenkins|7,000000
Richard Masur|8,000000
Richard Rosson|7,000000
Richard Thorpe|8,000000
Richard Widmark|8,000000
Ricky Adelayitor|7,000000
Ricky Nelson|8,000000
Riisa Naka|7,000000
Rima Te Wiata|7,000000
Ringo Starr|7,000000
Rita Hayworth|7,000000
River Phoenix|8,000000
Riz Ahmed|7,000000
RJ Cyler|7,000000
Rob Maxey|7,000000
Rob Minkoff|8,000000
Rob Reiner|7,000000
Robby Benson|8,000000
Robert Armstrong|7,000000
Robert Arthur|8,000000
Robert Cummings|8,000000
Robert De Niro|7,588235
Robert Donat|7,000000
Robert Downey Jr.|7,428571
Robert Duvall|8,000000
Robert Gulaczyk|7,000000
Robert Hays|7,000000
Robert Manuel|8,000000
Robert Mitchum|7,666666
Robert Morley|7,000000
Robert Patrick|7,500000
Robert Redford|7,666666
Robert Rodriguez|8,000000
Robert Ryan|7,000000
Robert Sean Leonard|8,000000
Robert Shaw|7,500000
Robert Stack|8,000000
Robert Strauss|8,000000
Robert Walker|7,000000
Roberta Maxwell|7,000000
Roberto Benigni|7,500000
Roberts Blossom|7,000000
Robin Williams|7,750000
Robin Wright|7,666666
Rock Hudson|7,000000
Rod Steiger|7,500000
Rod Taylor|7,000000
Roddy McDowall|8,000000
Rodney A. Grant|8,000000
Rodney Rothman|8,000000
Rodrigo De la Serna|7,000000
Roe-ha Kim|8,000000
Rohini Hattangadi|8,000000
Roland Møller|7,000000
Rolf Lassgård|7,000000
Roman Griffin Davis|7,000000
Roman Madyanov|7,000000
Roman Polanski|7,000000
Romolo Valli|7,000000
Ron Livingston|7,000000
Ronit Roy|8,000000
Ronnie Del Carmen|8,000000
Ronny Cox|7,000000
Rooney Mara|7,500000
Rory Cochrane|7,000000
Rosalind Russell|7,000000
Rosamund Pike|8,000000
Rosanna Arquette|7,000000
Rosario Dawson|7,000000
Rosario Flores|7,000000
Roscoe Ates|7,000000
Roscoe Karns|8,000000
Rosemarie DeWitt|8,000000
Rosemary Murphy|8,000000
Roshan Seth|8,000000
Rosie Shaw|7,000000
Roy Dotrice|8,000000
Roy Kinnear|7,000000
Roy Scheider|7,333333
Ruby Dee|8,000000
Rudolf Klein-Rogge|8,000000
Rudy Youngblood|7,000000
Rufus|8,000000
Rufus Sewell|7,000000
Rumi Hiiragi|8,000000
Ruocheng Ying|7,000000
Rupert Friend|7,000000
Rupert Graves|8,000000
Rupert Grint|7,166666
Russell Brand|7,000000
Russell Crowe|7,571428
Russell Means|7,000000
Rusty Schwimmer|7,000000
Rutger Hauer|8,000000
Ruth Gordon|7,500000
Ruth Hussey|7,000000
Ruth Nelson|7,000000
Ruth Roman|7,000000
Ruy Guerra|7,000000
Ryan Gosling|7,400000
Ryan Hurst|7,000000
Ryan O'Neal|8,000000
Ryan Potter|7,000000
Ryan Reynolds|7,500000
Ryô Kase|7,000000
Ryô Narita|8,000000
Ryôko Hirosue|8,000000
Ryûnosuke Kamiki|7,500000
Sabrina Ferilli|7,000000
Sacha Baron Cohen|7,000000
Sady Rebbot|8,000000
Saeed Jaffrey|7,000000
Sae-ron Kim|7,000000
Safak Sezer|8,000000
Sagarika Ghatge|8,000000
Sahil Vaid|7,000000
Saïd Taghmaoui|8,000000
Saif Ali Khan|8,000000
Saifei He|8,000000
Sakshi Tanwar|8,000000
Sakura Andô|7,000000
Sal Mineo|7,000000
Salim Kechiouche|7,000000
Sally Field|8,000000
Sally Hawkins|7,000000
Sally Yeh|7,000000
Salman Khan|8,000000
Sam Elliott|7,000000
Sam Jaffe|7,000000
Sam Neill|7,500000
Sam Riley|7,000000
Sam Rockwell|7,333333
Sam Shepard|7,000000
Sam Waterston|7,000000
Sam Wood|8,000000
Sam Worthington|7,500000
Samantha Isler|7,000000
Samantha Morton|7,000000
Samia Kerbash|8,000000
Samuel Armstrong|7,000000
Samuel E. Wright|7,000000
Samuel L. Jackson|7,333333
Sandra Bernhard|7,000000
Sandra Bullock|7,000000
Sandra Milo|8,000000
Sandy Dennis|8,000000
Sanjana Sanghi|7,000000
Sanjay Dutt|8,000000
Sanjeev Kumar|8,000000
Sanya Malhotra|8,000000
Saoirse Ronan|7,000000
Saori Hayami|8,000000
Sara Takatsuki|7,000000
Sarah Berry|7,000000
Sarah Bolger|7,000000
Sarah Jessica Parker|7,000000
Sarah Miles|7,000000
Sarah Polley|7,000000
Sarah Roemer|8,000000
Sarah Silverman|7,000000
Sarah Vowell|7,000000
Sareh Bayat|8,000000
Saswata Chatterjee|7,000000
Sathyaraj|8,000000
Saurabh Shukla|8,000000
Scarlett Johansson|7,333333
Scatman Crothers|8,000000
Scott Adsit|7,000000
Scott Glenn|7,000000
Scott H. Reiniger|7,000000
Scott Schwartz|7,000000
Scott Weinger|8,000000
Seamus Davey-Fitzpatrick|7,000000
Sean Astin|7,000000
Sean Bean|8,000000
Sean Bridgers|8,000000
Sean Connery|7,200000
Sean Patrick Flanery|7,000000
Sean Penn|7,000000
Sean Young|8,000000
Sebastian Cabot|7,000000
Sebastian Koch|7,500000
Sebastian Maniscalco|8,000000
Sela Ward|7,000000
Sener Sen|8,000000
Sergi López|8,000000
Sermin Hürmeriç|8,000000
Sessue Hayakawa|8,000000
Seth Rogen|7,000000
Setsuko Hara|8,000000
Seung-Yun Lee|8,000000
Seymour Cassel|7,000000
Shah Rukh Khan|7,833333
Shahab Hosseini|7,666666
Shahid Kapoor|7,333333
Shailene Woodley|7,000000
Shameik Moore|8,000000
Shammi Kapoor|7,000000
Sharlto Copley|7,000000
Sharman Joshi|8,000000
Sharon Percy|7,000000
Sharon Stone|8,000000
Sheetal Menon|8,000000
Shelley Duvall|8,000000
Shelley Winters|8,000000
Shernaz Patel|8,000000
Shigeru Muroi|7,000000
Shigesato Itoi|8,000000
Shilpa Shukla|8,000000
Shima Iwashita|8,000000
Shin Ha-kyun|7,000000
Shin'ichi Himori|8,000000
Shinpachi Tsuji|8,000000
Shirley Eaton|7,000000
Shirley MacLaine|8,000000
Shishir Sharma|7,000000
Shôgo Furuya|7,000000
Shraddha Kapoor|8,000000
Shraddha Srinath|8,000000
Shriya Saran|8,000000
Shûichirô Moriyama|7,000000
Sibel Kekilli|7,000000
Siddharth|8,000000
Sidney Blackmer|8,000000
Sidney Poitier|7,000000
Sidse Babett Knudsen|7,000000
Sienna Miller|7,000000
Sigourney Weaver|7,500000
Silvia Pinal|8,000000
Simon Pegg|7,000000
Simon Yam|8,000000
Simone Signoret|8,000000
Sissy Spacek|7,500000
Siu-Lung Leung|7,000000
Siu-Wong Fan|8,000000
Slavko Stimac|8,000000
Slim Pickens|7,000000
Smit Sheth|8,000000
Sô Yamamura|8,000000
Soha Ali Khan|8,000000
Sohum Shah|8,000000
Soia Lira|8,000000
Soledad Villamil|8,000000
Solveig Dommartin|8,000000
Sonam Kapoor|8,000000
Sondra Locke|7,000000
Song Wok-suk|8,000000
Sonia Todd|7,000000
Sonoya Mizuno|7,000000
Sophie Kennedy Clark|7,000000
Sophie Marceau|8,000000
Sophie Okonedo|8,000000
Sophie Perry|7,000000
Spencer Tracy|7,666666
Spike Lee|7,000000
Srdjan 'Zika' Todorovic|8,000000
Sridevi|7,000000
Srinidhi Shetty|8,000000
Stanislas Carré de Malberg|8,000000
Stanley Baker|7,000000
Stanley Holloway|7,500000
Stefania Sandrelli|8,000000
Stella Dassas|7,000000
Stellan Skarsgård|7,333333
Stephen Baldwin|8,000000
Stephen Boyd|8,000000
Stephen Chow|7,000000
Stephen Graham|7,000000
Stephen Rea|8,000000
Stephen Tobolowsky|8,000000
Stephen Trask|7,000000
Stephen Young|7,000000
Sterling Hayden|7,666666
Steve Buscemi|8,000000
Steve Carell|7,000000
Steve Coogan|7,000000
Steve Martin|7,000000
Steve McQueen|7,666666
Steve Zahn|8,000000
Steven Bauer|8,000000
Strother Martin|8,000000
Stuart Wolfenden|7,000000
Sully Boyar|8,000000
Sumi Shimamoto|8,000000
Sumita Sanyal|8,000000
Sunil Dutt|8,000000
Sunil Shetty|8,000000
Sunny Pawar|8,000000
Suraj Sharma|7,000000
Suriya|8,000000
Susan Harrison|8,000000
Susanne Lothar|7,000000
Sushant Singh Rajput|7,250000
Susumu Terajima|7,000000
Suzanne Clément|8,000000
Suzanne Pleshette|7,500000
Sylvester Stallone|7,333333
Sylvia Hoeks|7,000000
Sylvia Miles|7,000000
Sylvie Testud|7,000000
T.J. Miller|8,000000
Taapsee Pannu|8,000000
Tabu|7,833333
Tae-hoon Kim|7,000000
Tae-Hyun Cha|8,000000
Tahar Rahim|7,000000
Taika Waititi|7,000000
Takako Matsu|7,000000
Takao Osawa|8,000000
Takashi Shimura|8,000000
Takashi Tachibana|7,000000
Takeshi Aono|7,000000
Takeshi Kaneshiro|7,500000
Takeshi Kitano|7,000000
Takuya Ishida|7,000000
Takuya Kimura|8,000000
Talia Shire|7,500000
Tallulah Bankhead|7,000000
Tamannaah Bhatia|8,000000
Taner Birsel|7,000000
Taraji P. Henson|7,000000
Taraneh Alidoosti|7,500000
Tarô Yamamoto|7,000000
Taron Egerton|7,000000
Tarun Arora|7,000000
Tatsuya Fujiwara|7,000000
Tatsuya Gashûin|8,000000
Tatsuya Nakadai|8,000000
Tatum O'Neal|8,000000
Telly Savalas|7,000000
Temuera Morrison|7,000000
Tensai Okamura|7,000000
Teo Briones|7,000000
Terence Alexander|7,000000
Teresa Mo|7,000000
Teresa Palmer|8,000000
Teresa Wright|7,500000
Teri Garr|7,000000
Teri Hatcher|7,000000
Terrence Howard|7,000000
Terry Gilliam|8,000000
Terry Jones|8,000000
Tessa Mitchell|7,000000
Tessa Thompson|7,000000
Tesshô Genda|8,000000
Tetsurô Tanba|8,000000
Thandie Newton|7,500000
Thelma Ritter|8,000000
Theodore Liscinski|7,000000
Thibault Verhaeghe|7,000000
Thierry Lhermitte|7,000000
Thierry van Werveke|8,000000
Thom Hoffman|7,000000
Thomas Bo Larsen|7,666666
Thomas F. Wilson|7,000000
Thomas Kretschmann|8,000000
Thomas Mann|7,000000
Thomas Mitchell|7,500000
Thomas Turgoose|7,000000
Thomasin McKenzie|7,000000
Thora Birch|8,000000
Tigmanshu Dhulia|8,000000
Til Schweiger|8,000000
Tilda Swinton|7,000000
Tim Allen|7,500000
Tim Blake Nelson|7,000000
Tim Holt|8,000000
Tim McGraw|7,000000
Tim Robbins|7,500000
Tim Roth|8,000000
Timothée Chalamet|7,000000
Timothy Bottoms|8,000000
Timothy Hutton|7,000000
Timothy Spall|8,000000
Tina Fey|8,000000
Tiny Sandford|8,000000
Tippi Hedren|7,000000
Tisca Chopra|8,000000
Tobey Maguire|7,000000
Toby Kebbell|7,000000
Tokiko Katô|7,000000
Tom Berenger|7,500000
Tom Cruise|7,285714
Tom Guiry|7,000000
Tom Hanks|7,428571
Tom Hardy|7,800000
Tom Helmore|8,000000
Tom Hiddleston|7,000000
Tom Hulce|8,000000
Tom Murray|8,000000
Tom Prior|7,000000
Tom Sizemore|7,500000
Tom Skerritt|8,000000
Tom Waits|7,000000
Tom Wilkinson|7,500000
Tommy Chong|7,000000
Tommy Lee Jones|7,500000
Tomoko Yamaguchi|7,000000
Toni Collette|7,666666
Toni Servillo|7,000000
Tony Chiu-Wai Leung|7,600000
Tony Curtis|8,000000
Tony Hale|7,000000
Tony Lo Bianco|7,000000
Tony Moran|7,000000
Tony Roberts|8,000000
Tony Todd|7,000000
Topol|8,000000
Tôru Emori|7,000000
Tôru Furuya|7,000000
Toshirô Mifune|8,000000
Toshirô Yanagiba|7,000000
Treat Williams|8,000000
Trevor Howard|8,000000
Trevor Jack Brooks|7,000000
Trey Parker|7,000000
Trine Dyrholm|7,000000
Tsunehiko Kamijô|7,000000
Tsutomu Tatsumi|8,000000
Tsutomu Yamazaki|8,000000
Tsuyoshi Ihara|7,000000
Tugba Sunguroglu|7,000000
Tuncel Kurtiz|7,000000
Tung Cho 'Joe' Cheung|8,000000
Tyler Hoechlin|7,000000
Tyler Perry|8,000000
Tyrone Power|8,000000
Ugur Yücel|8,000000
Ulla Jacobsson|7,000000
Ulrich Matthes|8,000000
Ulrich Mühe|7,500000
Ulrich Thomsen|7,500000
Ulrich Tukur|7,500000
Uma Thurman|7,750000
Val Kilmer|7,333333
Valentin Zubkov|8,000000
Valeria Golino|8,000000
Valerie Faris|7,000000
Valerie Hobson|7,500000
Vanessa Redgrave|7,000000
Vanna Urbino|7,000000
Varun Sharma|8,000000
Veerle Baetens|7,000000
Véra Clouzot|8,000000
Vera Miles|7,666666
Verna Bloom|7,000000
Vernon Dobtcheff|8,000000
Veronica Cartwright|8,000000
Vicellous Shannon|7,000000
Vicky Jenson|7,000000
Vicky Kaushal|7,500000
Victor Buono|8,000000
Victor Jory|8,000000
Victor Sjöström|8,000000
Victor Slezak|7,000000
Victoria Horne|7,000000
Vidya Balan|8,000000
Vidya Malvade|8,000000
Viggo Mortensen|7,600000
Vijay Raaz|8,000000
Vijay Sethupathi|8,000000
Vijay Varma|8,000000
Vin Diesel|7,666666
Vince Edwards|8,000000
Vince Vaughn|8,000000
Vincent Cassel|8,000000
Vincent D'Onofrio|8,000000
Vincent Price|8,000000
Ving Rhames|7,000000
Vinícius de Oliveira|8,000000
Viola Davis|8,000000
Virginia Cherrill|8,000000
Virginia Mayo|8,000000
Vivian Pickles|7,000000
Vivien Leigh|8,000000
Vlad Ivanov|7,000000
Vladas Bagdonas|8,000000
Vladimir Barskiy|8,000000
Vladimir Garin|8,000000
Vladimir Vdovichenkov|7,000000
Vladislav Dvorzhetskiy|8,000000
Wagner Moura|8,000000
Wah Yuen|7,000000
Wallace Ford|7,000000
Walter Brennan|7,000000
Walter Catlett|7,000000
Walter Connolly|8,000000
Walter Hampden|7,000000
Walter Huston|8,000000
Walter Matthau|7,250000
Walter Slezak|7,000000
Walton Goggins|7,000000
Ward Bond|7,000000
Warren Beatty|7,000000
Warren Clarke|8,000000
Warren Oates|7,000000
Wendee Lee|7,000000
Wendell Corey|8,000000
Wendy Crewson|8,000000
Wendy Hiller|7,000000
Werner Krauss|8,000000
Wes Bentley|8,000000
Wesley Addy|8,000000
Whoopi Goldberg|7,000000
Wil Johnson|7,000000
Wil Wheaton|8,000000
Wiley Wiggins|7,000000
Wilford Brimley|8,000000
Wilfrid Hyde-White|7,000000
Will Ferrell|7,000000
Will Forte|7,000000
Will Patton|7,000000
Will Poulter|8,000000
Will Smith|7,500000
Willem Dafoe|7,400000
William Atherton|7,000000
William Bendix|7,000000
William Daniels|8,000000
William H. Lynn|7,000000
William H. Macy|8,000000
William Harrigan|7,000000
William Hickey|8,000000
William Holden|7,666666
William Hurt|7,000000
William Keighley|7,000000
William Powell|8,000000
William Sadler|9,000000
William Shatner|7,000000
William Sylvester|8,000000
Winona Ryder|7,333333
Wladyslaw Kowalski|7,000000
Wolfgang Lukschy|8,000000
Won Bin|7,333333
Wood Harris|7,000000
Woody Allen|7,200000
Woody Harrelson|7,333333
Wotan Wilke Möhring|7,000000
Xolani Mali|8,000000
Yacef Saadi|8,000000
Yalitza Aparicio|7,000000
Yami Gautam|7,500000
Yash|8,000000
Yasuo Yamada|7,000000
Yayan Ruhian|8,000000
Yeong-hie Seo|7,000000
Yeong-su Oh|8,000000
Yesim Salkim|8,000000
Yilmaz Erdogan|7,500000
Yôji Matsuda|8,000000
Yoko Honna|7,000000
Yôko Tsukasa|8,000000
Yong Dong|7,000000
Yoo Ji-Tae|8,000000
Yoo-Jeong Kim|7,000000
Yordanos Shiferaw|8,000000
Yoshiaki Umegaki|7,000000
Yoshiko Shinohara|8,000000
Yoshino Kimura|7,000000
Yoshiyuki Takei|7,000000
You Ge|8,000000
Yû Kashii|7,000000
Yukiko Shimazaki|8,000000
Yukito Nishii|7,500000
Yûko Miyamura|8,000000
Yûko Tanaka|8,000000
Yul Brynner|7,000000
Yun Qu|7,000000
Yun-Fat Chow|7,000000
Yûnosuke Itô|8,000000
Yuriko Ishida|8,000000
Yutaka Sada|8,000000
Yves Montand|8,000000
Yvonne Furneaux|7,500000
Zac Mattoon O'Brien|7,000000
Zach Galifianakis|7,000000
Zach Grenier|8,000000
Zachary Levi|7,000000
Zachary Quinto|7,000000
Zack Gottsagen|7,000000
Zain Al Rafeea|8,000000
Zamira Saunders|7,000000
Zarah Jane McKenzie|7,000000
Zazie Beetz|8,000000
Zbigniew Zamachowski|7,000000
Zeppo Marx|7,000000
Ziyi Zhang|7,000000
Zoë Kravitz|8,000000
Zoe Saldana|7,250000
Zooey Deschanel|7,000000
